course_id,theme_id,user_id,messagiesNum
['course-v1:spbu+SOCLAB+spring_2018'],f04d53579de84074918a985304a22c84,473613,0
['course-v1:spbu+SOCLAB+spring_2018'],939b37206e654f35ae914dd632a9223e,473613,0
['course-v1:spbu+SOCLAB+spring_2018'],18c7ee896d6a4944a137a99b37fcd249,473613,0
['course-v1:spbu+SOCLAB+spring_2018'],061d8a5b581a45dab40b1ca9405ddf5b,473613,0
['course-v1:spbu+SOCLAB+spring_2018'],6c085a02b1b34426963b93e63d2d4f98,473613,0
['course-v1:spbu+SOCLAB+spring_2018'],e3c0abd8380d446c8e9a5fb6b15aeefc,473613,0
['course-v1:spbu+SOCLAB+spring_2018'],0edf9012bff546778914358cd1e48f4e,473613,0
['course-v1:spbu+SOCLAB+spring_2018'],f5d3ea1438fc4dc399ef4edc441e892f,473613,0
['course-v1:spbu+SOCLAB+spring_2018'],92dc03a5e8f1422c86b7ad2027051370,473613,0
['course-v1:spbu+SOCLAB+spring_2018'],1d389a136e47425a8ad238c16cc7b72b,473613,0
['course-v1:spbu+SOCLAB+spring_2018'],e69c3d2f9bf24dc38f26d516ff72dafc,473613,0
['course-v1:spbu+SOCLAB+spring_2018'],96ba5292ebf640ffbe4b303fb1ff5a31,473613,0
['course-v1:spbu+SOCLAB+spring_2018'],cd8a29e227c9475fbc37edaa23cfa9d3,473613,0
['course-v1:spbu+SOCLAB+spring_2018'],ffc583f1720542a3b2959ae2de6a31aa,473613,0
['course-v1:spbu+SOCLAB+spring_2018'],f04d53579de84074918a985304a22c84,393700,0
['course-v1:spbu+SOCLAB+spring_2018'],e3c0abd8380d446c8e9a5fb6b15aeefc,393700,0
['course-v1:spbu+SOCLAB+spring_2018'],c2a53370f5e44301918c551b8bb2f17c,393700,0
['course-v1:spbu+SOCLAB+spring_2018'],6c085a02b1b34426963b93e63d2d4f98,393700,0
['course-v1:spbu+SOCLAB+spring_2018'],43c190f90262429c9c3c912e16c79233,393700,0
['course-v1:spbu+SOCLAB+spring_2018'],e3c0abd8380d446c8e9a5fb6b15aeefc,28864,0
['course-v1:spbu+SOCLAB+spring_2018'],f04d53579de84074918a985304a22c84,28864,0
['course-v1:spbu+SOCLAB+spring_2018'],c2a53370f5e44301918c551b8bb2f17c,28864,0
['course-v1:spbu+SOCLAB+spring_2018'],0edf9012bff546778914358cd1e48f4e,28864,0
['course-v1:spbu+SOCLAB+spring_2018'],92dc03a5e8f1422c86b7ad2027051370,28864,0
['course-v1:spbu+SOCLAB+spring_2018'],1941ebda9cf74588a4a381f326435c3c,28864,0
['course-v1:spbu+SOCLAB+spring_2018'],6c085a02b1b34426963b93e63d2d4f98,28864,0
['course-v1:spbu+SOCLAB+spring_2018'],34c886e366fa4ab7b6209486bff7b0d6,28864,0
['course-v1:spbu+SOCLAB+spring_2018'],1a17d645abe24d679ca25460fb6198bf,28864,0
['course-v1:spbu+SOCLAB+spring_2018'],d9621f23da4a4e5faa6e1315fb730eac,28864,0
['course-v1:spbu+SOCLAB+spring_2018'],27688ee203c144bb83cff0cceab9a483,28864,0
['course-v1:spbu+SOCLAB+spring_2018'],061d8a5b581a45dab40b1ca9405ddf5b,28864,0
['course-v1:spbu+SOCLAB+spring_2018'],f5d3ea1438fc4dc399ef4edc441e892f,28864,0
['course-v1:spbu+SOCLAB+spring_2018'],1434b8d53d444779bc7e5be81a70575b,28864,0
['course-v1:spbu+SOCLAB+spring_2018'],e69c3d2f9bf24dc38f26d516ff72dafc,28864,0
['course-v1:spbu+SOCLAB+spring_2018'],18c7ee896d6a4944a137a99b37fcd249,28864,0
['course-v1:spbu+SOCLAB+spring_2018'],96ba5292ebf640ffbe4b303fb1ff5a31,28864,0
['course-v1:spbu+SOCLAB+spring_2018'],0dece1c2c32046f8a41548f6ad5de4f2,28864,0
['course-v1:spbu+SOCLAB+spring_2018'],1d389a136e47425a8ad238c16cc7b72b,28864,0
['course-v1:spbu+SOCLAB+spring_2018'],bba8998195d74caa9f322aa4524fa8dd,28864,0
['course-v1:spbu+SOCLAB+spring_2018'],cd8a29e227c9475fbc37edaa23cfa9d3,28864,0
['course-v1:spbu+SOCLAB+spring_2018'],6cfbaccd1a0040b387e9a7ed8b4054c7,28864,0
['course-v1:spbu+SOCLAB+spring_2018'],748f4844d7eb4c1ca7ae5d860abdd065,28864,0
['course-v1:spbu+SOCLAB+spring_2018'],b2f78b1f662e4c24952c207d54bf7b9e,28864,0
['course-v1:spbu+SOCLAB+spring_2018'],afc0b0da6f7840099a2b04e41c7095f4,28864,0
['course-v1:spbu+SOCLAB+spring_2018'],1828bcc929d14d6d875e0acbc4c8274d,28864,3
['course-v1:spbu+SOCLAB+spring_2018'],911e79608f9541edb20dd5887ac1e9a8,28864,0
['course-v1:spbu+SOCLAB+spring_2018'],43c190f90262429c9c3c912e16c79233,28864,0
['course-v1:spbu+SOCLAB+spring_2018'],9ea1c781adf7418ea201dfc2037789c5,28864,0
['course-v1:spbu+SOCLAB+spring_2018'],37128eb7bb69401ea9be1638c29b2865,28864,0
['course-v1:spbu+SOCLAB+spring_2018'],967228d4a2224c9e990c44752e1fd8c9,28864,0
['course-v1:spbu+SOCLAB+spring_2018'],30ae45b00f1d4e7f88ef92437564a6fd,28864,0
['course-v1:spbu+SOCLAB+spring_2018'],807a1dcddc7048e7b0fd4116357c6796,28864,0
['course-v1:spbu+SOCLAB+spring_2018'],8d30e64d32f740cebdbff84b90375be8,28864,0
['course-v1:spbu+SOCLAB+spring_2018'],079aad5593e3427dbb753ec869f121a7,28864,3
['course-v1:spbu+SOCLAB+spring_2018'],86c3d90af7b54579870f929880a6f1c3,28864,0
['course-v1:spbu+SOCLAB+spring_2018'],cfd5b0cc8e184b22aee90e03cc383168,28864,0
['course-v1:spbu+SOCLAB+spring_2018'],6a2492000afc4074b8e4a64c42a08820,28864,0
['course-v1:spbu+SOCLAB+spring_2018'],ff886716bfbf4ee3bda294d0c6f5d95e,28864,0
['course-v1:spbu+SOCLAB+spring_2018'],fdeba2be3e3f45c3bb8fbd1c01f41d2d,28864,0
['course-v1:spbu+SOCLAB+spring_2018'],8846cd94c4374878a1bdfc5c3cb5d1e8,28864,0
['course-v1:spbu+SOCLAB+spring_2018'],b442dc12c0a649f1b23173b1833ef380,28864,0
['course-v1:spbu+SOCLAB+spring_2018'],6f18244edbf64f8ab81c1b5378d953f0,28864,0
['course-v1:spbu+SOCLAB+spring_2018'],376d602fdb994d5cb6f8efa7311087ef,28864,0
['course-v1:spbu+SOCLAB+spring_2018'],60bdfe9eac2340b19aefa80bed3df4d9,28864,0
['course-v1:spbu+SOCLAB+spring_2018'],ad35bbd476b34d0a8ad04254ddafc66e,28864,0
['course-v1:spbu+SOCLAB+spring_2018'],939b37206e654f35ae914dd632a9223e,28864,0
['course-v1:spbu+SOCLAB+spring_2018'],c1974eb7d4e94e32be5662c18c100602,28864,0
['course-v1:spbu+SOCLAB+spring_2018'],4a1d9274e3454e30acb5109c58208cb7,28864,0
['course-v1:spbu+SOCLAB+spring_2018'],e3c0abd8380d446c8e9a5fb6b15aeefc,56215,0
['course-v1:spbu+SOCLAB+spring_2018'],f04d53579de84074918a985304a22c84,56215,0
['course-v1:spbu+SOCLAB+spring_2018'],0edf9012bff546778914358cd1e48f4e,56215,0
['course-v1:spbu+SOCLAB+spring_2018'],92dc03a5e8f1422c86b7ad2027051370,56215,0
['course-v1:spbu+SOCLAB+spring_2018'],1941ebda9cf74588a4a381f326435c3c,56215,0
['course-v1:spbu+SOCLAB+spring_2018'],c2a53370f5e44301918c551b8bb2f17c,56215,0
['course-v1:spbu+SOCLAB+spring_2018'],1a17d645abe24d679ca25460fb6198bf,56215,0
['course-v1:spbu+SOCLAB+spring_2018'],34c886e366fa4ab7b6209486bff7b0d6,56215,0
['course-v1:spbu+SOCLAB+spring_2018'],d9621f23da4a4e5faa6e1315fb730eac,56215,0
['course-v1:spbu+SOCLAB+spring_2018'],6c085a02b1b34426963b93e63d2d4f98,56215,0
['course-v1:spbu+SOCLAB+spring_2018'],061d8a5b581a45dab40b1ca9405ddf5b,56215,0
['course-v1:spbu+SOCLAB+spring_2018'],f5d3ea1438fc4dc399ef4edc441e892f,56215,0
['course-v1:spbu+SOCLAB+spring_2018'],1434b8d53d444779bc7e5be81a70575b,56215,0
['course-v1:spbu+SOCLAB+spring_2018'],27688ee203c144bb83cff0cceab9a483,56215,0
['course-v1:spbu+SOCLAB+spring_2018'],18c7ee896d6a4944a137a99b37fcd249,56215,0
['course-v1:spbu+SOCLAB+spring_2018'],1d389a136e47425a8ad238c16cc7b72b,56215,0
['course-v1:spbu+SOCLAB+spring_2018'],0dece1c2c32046f8a41548f6ad5de4f2,56215,0
['course-v1:spbu+SOCLAB+spring_2018'],bba8998195d74caa9f322aa4524fa8dd,56215,0
['course-v1:spbu+SOCLAB+spring_2018'],e69c3d2f9bf24dc38f26d516ff72dafc,56215,0
['course-v1:spbu+SOCLAB+spring_2018'],96ba5292ebf640ffbe4b303fb1ff5a31,56215,0
['course-v1:spbu+SOCLAB+spring_2018'],6cfbaccd1a0040b387e9a7ed8b4054c7,56215,0
['course-v1:spbu+SOCLAB+spring_2018'],748f4844d7eb4c1ca7ae5d860abdd065,56215,0
['course-v1:spbu+SOCLAB+spring_2018'],b2f78b1f662e4c24952c207d54bf7b9e,56215,0
['course-v1:spbu+SOCLAB+spring_2018'],cd8a29e227c9475fbc37edaa23cfa9d3,56215,0
['course-v1:spbu+SOCLAB+spring_2018'],9ea1c781adf7418ea201dfc2037789c5,56215,0
['course-v1:spbu+SOCLAB+spring_2018'],afc0b0da6f7840099a2b04e41c7095f4,56215,0
['course-v1:spbu+SOCLAB+spring_2018'],37128eb7bb69401ea9be1638c29b2865,56215,0
['course-v1:spbu+SOCLAB+spring_2018'],967228d4a2224c9e990c44752e1fd8c9,56215,0
['course-v1:spbu+SOCLAB+spring_2018'],30ae45b00f1d4e7f88ef92437564a6fd,56215,0
['course-v1:spbu+SOCLAB+spring_2018'],1828bcc929d14d6d875e0acbc4c8274d,56215,0
['course-v1:spbu+SOCLAB+spring_2018'],807a1dcddc7048e7b0fd4116357c6796,56215,0
['course-v1:spbu+SOCLAB+spring_2018'],8d30e64d32f740cebdbff84b90375be8,56215,0
['course-v1:spbu+SOCLAB+spring_2018'],cfd5b0cc8e184b22aee90e03cc383168,56215,0
['course-v1:spbu+SOCLAB+spring_2018'],86c3d90af7b54579870f929880a6f1c3,56215,0
['course-v1:spbu+SOCLAB+spring_2018'],911e79608f9541edb20dd5887ac1e9a8,56215,0
['course-v1:spbu+SOCLAB+spring_2018'],43c190f90262429c9c3c912e16c79233,56215,0
['course-v1:spbu+SOCLAB+spring_2018'],8846cd94c4374878a1bdfc5c3cb5d1e8,56215,0
['course-v1:spbu+SOCLAB+spring_2018'],b442dc12c0a649f1b23173b1833ef380,56215,0
['course-v1:spbu+SOCLAB+spring_2018'],6f18244edbf64f8ab81c1b5378d953f0,56215,0
['course-v1:spbu+SOCLAB+spring_2018'],376d602fdb994d5cb6f8efa7311087ef,56215,0
['course-v1:spbu+SOCLAB+spring_2018'],60bdfe9eac2340b19aefa80bed3df4d9,56215,0
['course-v1:spbu+SOCLAB+spring_2018'],079aad5593e3427dbb753ec869f121a7,56215,0
['course-v1:spbu+SOCLAB+spring_2018'],ff886716bfbf4ee3bda294d0c6f5d95e,56215,0
['course-v1:spbu+SOCLAB+spring_2018'],6a2492000afc4074b8e4a64c42a08820,56215,0
['course-v1:spbu+SOCLAB+spring_2018'],fdeba2be3e3f45c3bb8fbd1c01f41d2d,56215,0
['course-v1:spbu+SOCLAB+spring_2018'],c1974eb7d4e94e32be5662c18c100602,56215,0
['course-v1:spbu+SOCLAB+spring_2018'],939b37206e654f35ae914dd632a9223e,56215,0
['course-v1:spbu+SOCLAB+spring_2018'],4a1d9274e3454e30acb5109c58208cb7,56215,0
['course-v1:spbu+SOCLAB+spring_2018'],aa328b4f14cf4af391dd75c92f31db20,56215,0
['course-v1:spbu+SOCLAB+spring_2018'],ad35bbd476b34d0a8ad04254ddafc66e,56215,0
['course-v1:spbu+SOCLAB+spring_2018'],ffc583f1720542a3b2959ae2de6a31aa,56215,0
['course-v1:spbu+SOCLAB+spring_2018'],e3c0abd8380d446c8e9a5fb6b15aeefc,243054,0
['course-v1:spbu+SOCLAB+spring_2018'],f04d53579de84074918a985304a22c84,243054,0
['course-v1:spbu+SOCLAB+spring_2018'],0edf9012bff546778914358cd1e48f4e,243054,0
['course-v1:spbu+SOCLAB+spring_2018'],92dc03a5e8f1422c86b7ad2027051370,243054,0
['course-v1:spbu+SOCLAB+spring_2018'],1941ebda9cf74588a4a381f326435c3c,243054,0
['course-v1:spbu+SOCLAB+spring_2018'],c2a53370f5e44301918c551b8bb2f17c,243054,0
['course-v1:spbu+SOCLAB+spring_2018'],1a17d645abe24d679ca25460fb6198bf,243054,0
['course-v1:spbu+SOCLAB+spring_2018'],34c886e366fa4ab7b6209486bff7b0d6,243054,0
['course-v1:spbu+SOCLAB+spring_2018'],d9621f23da4a4e5faa6e1315fb730eac,243054,0
['course-v1:spbu+SOCLAB+spring_2018'],6c085a02b1b34426963b93e63d2d4f98,243054,0
['course-v1:spbu+SOCLAB+spring_2018'],27688ee203c144bb83cff0cceab9a483,243054,0
['course-v1:spbu+SOCLAB+spring_2018'],061d8a5b581a45dab40b1ca9405ddf5b,243054,0
['course-v1:spbu+SOCLAB+spring_2018'],1434b8d53d444779bc7e5be81a70575b,243054,0
['course-v1:spbu+SOCLAB+spring_2018'],e69c3d2f9bf24dc38f26d516ff72dafc,243054,0
['course-v1:spbu+SOCLAB+spring_2018'],96ba5292ebf640ffbe4b303fb1ff5a31,243054,0
['course-v1:spbu+SOCLAB+spring_2018'],cd8a29e227c9475fbc37edaa23cfa9d3,243054,0
['course-v1:spbu+SOCLAB+spring_2018'],afc0b0da6f7840099a2b04e41c7095f4,243054,0
['course-v1:spbu+SOCLAB+spring_2018'],911e79608f9541edb20dd5887ac1e9a8,243054,0
['course-v1:spbu+SOCLAB+spring_2018'],43c190f90262429c9c3c912e16c79233,243054,0
['course-v1:spbu+SOCLAB+spring_2018'],807a1dcddc7048e7b0fd4116357c6796,243054,0
['course-v1:spbu+SOCLAB+spring_2018'],e3c0abd8380d446c8e9a5fb6b15aeefc,394310,0
['course-v1:spbu+SOCLAB+spring_2018'],1a17d645abe24d679ca25460fb6198bf,394310,3
['course-v1:spbu+SOCLAB+spring_2018'],6c085a02b1b34426963b93e63d2d4f98,394310,0
['course-v1:spbu+SOCLAB+spring_2018'],27688ee203c144bb83cff0cceab9a483,394310,0
['course-v1:spbu+SOCLAB+spring_2018'],96ba5292ebf640ffbe4b303fb1ff5a31,394310,0
['course-v1:spbu+SOCLAB+spring_2018'],c2a53370f5e44301918c551b8bb2f17c,394310,0
['course-v1:spbu+SOCLAB+spring_2018'],e69c3d2f9bf24dc38f26d516ff72dafc,394310,0
['course-v1:spbu+SOCLAB+spring_2018'],cd8a29e227c9475fbc37edaa23cfa9d3,394310,0
['course-v1:spbu+SOCLAB+spring_2018'],cfd5b0cc8e184b22aee90e03cc383168,394310,0
['course-v1:spbu+SOCLAB+spring_2018'],911e79608f9541edb20dd5887ac1e9a8,394310,0
['course-v1:spbu+SOCLAB+spring_2018'],43c190f90262429c9c3c912e16c79233,394310,0
['course-v1:spbu+SOCLAB+spring_2018'],c1974eb7d4e94e32be5662c18c100602,394310,0
['course-v1:spbu+SOCLAB+spring_2018'],ffc583f1720542a3b2959ae2de6a31aa,394310,0
['course-v1:spbu+SOCLAB+spring_2018'],e3c0abd8380d446c8e9a5fb6b15aeefc,492510,0
['course-v1:spbu+SOCLAB+spring_2018'],f04d53579de84074918a985304a22c84,492510,0
['course-v1:spbu+SOCLAB+spring_2018'],0edf9012bff546778914358cd1e48f4e,492510,1
['course-v1:spbu+SOCLAB+spring_2018'],92dc03a5e8f1422c86b7ad2027051370,492510,0
['course-v1:spbu+SOCLAB+spring_2018'],1941ebda9cf74588a4a381f326435c3c,492510,1
['course-v1:spbu+SOCLAB+spring_2018'],c2a53370f5e44301918c551b8bb2f17c,492510,0
['course-v1:spbu+SOCLAB+spring_2018'],1a17d645abe24d679ca25460fb6198bf,492510,1
['course-v1:spbu+SOCLAB+spring_2018'],34c886e366fa4ab7b6209486bff7b0d6,492510,0
['course-v1:spbu+SOCLAB+spring_2018'],d9621f23da4a4e5faa6e1315fb730eac,492510,0
['course-v1:spbu+SOCLAB+spring_2018'],6c085a02b1b34426963b93e63d2d4f98,492510,0
['course-v1:spbu+SOCLAB+spring_2018'],e3c0abd8380d446c8e9a5fb6b15aeefc,488714,0
['course-v1:spbu+SOCLAB+spring_2018'],f04d53579de84074918a985304a22c84,488714,0
['course-v1:spbu+SOCLAB+spring_2018'],0edf9012bff546778914358cd1e48f4e,488714,0
['course-v1:spbu+SOCLAB+spring_2018'],92dc03a5e8f1422c86b7ad2027051370,488714,0
['course-v1:spbu+SOCLAB+spring_2018'],1941ebda9cf74588a4a381f326435c3c,488714,0
['course-v1:spbu+SOCLAB+spring_2018'],c2a53370f5e44301918c551b8bb2f17c,488714,0
['course-v1:spbu+SOCLAB+spring_2018'],1a17d645abe24d679ca25460fb6198bf,488714,0
['course-v1:spbu+SOCLAB+spring_2018'],34c886e366fa4ab7b6209486bff7b0d6,488714,0
['course-v1:spbu+SOCLAB+spring_2018'],d9621f23da4a4e5faa6e1315fb730eac,488714,0
['course-v1:spbu+SOCLAB+spring_2018'],6c085a02b1b34426963b93e63d2d4f98,488714,0
['course-v1:spbu+SOCLAB+spring_2018'],27688ee203c144bb83cff0cceab9a483,488714,0
['course-v1:spbu+SOCLAB+spring_2018'],e3c0abd8380d446c8e9a5fb6b15aeefc,453625,0
['course-v1:spbu+SOCLAB+spring_2018'],f04d53579de84074918a985304a22c84,453625,0
['course-v1:spbu+SOCLAB+spring_2018'],c2a53370f5e44301918c551b8bb2f17c,453625,0
['course-v1:spbu+SOCLAB+spring_2018'],0edf9012bff546778914358cd1e48f4e,453625,0
['course-v1:spbu+SOCLAB+spring_2018'],92dc03a5e8f1422c86b7ad2027051370,453625,0
['course-v1:spbu+SOCLAB+spring_2018'],1941ebda9cf74588a4a381f326435c3c,453625,0
['course-v1:spbu+SOCLAB+spring_2018'],6c085a02b1b34426963b93e63d2d4f98,453625,0
['course-v1:spbu+SOCLAB+spring_2018'],27688ee203c144bb83cff0cceab9a483,453625,0
['course-v1:spbu+SOCLAB+spring_2018'],96ba5292ebf640ffbe4b303fb1ff5a31,453625,0
['course-v1:spbu+SOCLAB+spring_2018'],cd8a29e227c9475fbc37edaa23cfa9d3,453625,0
['course-v1:spbu+SOCLAB+spring_2018'],e3c0abd8380d446c8e9a5fb6b15aeefc,237133,0
['course-v1:spbu+SOCLAB+spring_2018'],f04d53579de84074918a985304a22c84,237133,0
['course-v1:spbu+SOCLAB+spring_2018'],0edf9012bff546778914358cd1e48f4e,237133,0
['course-v1:spbu+SOCLAB+spring_2018'],92dc03a5e8f1422c86b7ad2027051370,237133,0
['course-v1:spbu+SOCLAB+spring_2018'],1941ebda9cf74588a4a381f326435c3c,237133,0
['course-v1:spbu+SOCLAB+spring_2018'],c2a53370f5e44301918c551b8bb2f17c,237133,0
['course-v1:spbu+SOCLAB+spring_2018'],1a17d645abe24d679ca25460fb6198bf,237133,0
['course-v1:spbu+SOCLAB+spring_2018'],34c886e366fa4ab7b6209486bff7b0d6,237133,0
['course-v1:spbu+SOCLAB+spring_2018'],6c085a02b1b34426963b93e63d2d4f98,237133,0
['course-v1:spbu+SOCLAB+spring_2018'],d9621f23da4a4e5faa6e1315fb730eac,237133,0
['course-v1:spbu+SOCLAB+spring_2018'],061d8a5b581a45dab40b1ca9405ddf5b,237133,0
['course-v1:spbu+SOCLAB+spring_2018'],f5d3ea1438fc4dc399ef4edc441e892f,237133,0
['course-v1:spbu+SOCLAB+spring_2018'],1434b8d53d444779bc7e5be81a70575b,237133,0
['course-v1:spbu+SOCLAB+spring_2018'],27688ee203c144bb83cff0cceab9a483,237133,0
['course-v1:spbu+SOCLAB+spring_2018'],e69c3d2f9bf24dc38f26d516ff72dafc,237133,0
['course-v1:spbu+SOCLAB+spring_2018'],18c7ee896d6a4944a137a99b37fcd249,237133,0
['course-v1:spbu+SOCLAB+spring_2018'],96ba5292ebf640ffbe4b303fb1ff5a31,237133,0
['course-v1:spbu+SOCLAB+spring_2018'],1d389a136e47425a8ad238c16cc7b72b,237133,0
['course-v1:spbu+SOCLAB+spring_2018'],0dece1c2c32046f8a41548f6ad5de4f2,237133,0
['course-v1:spbu+SOCLAB+spring_2018'],bba8998195d74caa9f322aa4524fa8dd,237133,0
['course-v1:spbu+SOCLAB+spring_2018'],6cfbaccd1a0040b387e9a7ed8b4054c7,237133,0
['course-v1:spbu+SOCLAB+spring_2018'],cd8a29e227c9475fbc37edaa23cfa9d3,237133,0
['course-v1:spbu+SOCLAB+spring_2018'],b2f78b1f662e4c24952c207d54bf7b9e,237133,0
['course-v1:spbu+SOCLAB+spring_2018'],748f4844d7eb4c1ca7ae5d860abdd065,237133,0
['course-v1:spbu+SOCLAB+spring_2018'],9ea1c781adf7418ea201dfc2037789c5,237133,0
['course-v1:spbu+SOCLAB+spring_2018'],1828bcc929d14d6d875e0acbc4c8274d,237133,0
['course-v1:spbu+SOCLAB+spring_2018'],afc0b0da6f7840099a2b04e41c7095f4,237133,0
['course-v1:spbu+SOCLAB+spring_2018'],37128eb7bb69401ea9be1638c29b2865,237133,0
['course-v1:spbu+SOCLAB+spring_2018'],967228d4a2224c9e990c44752e1fd8c9,237133,0
['course-v1:spbu+SOCLAB+spring_2018'],30ae45b00f1d4e7f88ef92437564a6fd,237133,0
['course-v1:spbu+SOCLAB+spring_2018'],911e79608f9541edb20dd5887ac1e9a8,237133,0
['course-v1:spbu+SOCLAB+spring_2018'],43c190f90262429c9c3c912e16c79233,237133,0
['course-v1:spbu+SOCLAB+spring_2018'],807a1dcddc7048e7b0fd4116357c6796,237133,0
['course-v1:spbu+SOCLAB+spring_2018'],cfd5b0cc8e184b22aee90e03cc383168,237133,0
['course-v1:spbu+SOCLAB+spring_2018'],6f18244edbf64f8ab81c1b5378d953f0,237133,0
['course-v1:spbu+SOCLAB+spring_2018'],8d30e64d32f740cebdbff84b90375be8,237133,0
['course-v1:spbu+SOCLAB+spring_2018'],86c3d90af7b54579870f929880a6f1c3,237133,0
['course-v1:spbu+SOCLAB+spring_2018'],8846cd94c4374878a1bdfc5c3cb5d1e8,237133,0
['course-v1:spbu+SOCLAB+spring_2018'],b442dc12c0a649f1b23173b1833ef380,237133,0
['course-v1:spbu+SOCLAB+spring_2018'],376d602fdb994d5cb6f8efa7311087ef,237133,0
['course-v1:spbu+SOCLAB+spring_2018'],079aad5593e3427dbb753ec869f121a7,237133,0
['course-v1:spbu+SOCLAB+spring_2018'],ff886716bfbf4ee3bda294d0c6f5d95e,237133,0
['course-v1:spbu+SOCLAB+spring_2018'],6a2492000afc4074b8e4a64c42a08820,237133,0
['course-v1:spbu+SOCLAB+spring_2018'],fdeba2be3e3f45c3bb8fbd1c01f41d2d,237133,0
['course-v1:spbu+SOCLAB+spring_2018'],c1974eb7d4e94e32be5662c18c100602,237133,0
['course-v1:spbu+SOCLAB+spring_2018'],939b37206e654f35ae914dd632a9223e,237133,0
['course-v1:spbu+SOCLAB+spring_2018'],4a1d9274e3454e30acb5109c58208cb7,237133,0
['course-v1:spbu+SOCLAB+spring_2018'],aa328b4f14cf4af391dd75c92f31db20,237133,0
['course-v1:spbu+SOCLAB+spring_2018'],ad35bbd476b34d0a8ad04254ddafc66e,237133,0
['course-v1:spbu+SOCLAB+spring_2018'],e3c0abd8380d446c8e9a5fb6b15aeefc,493875,0
['course-v1:spbu+SOCLAB+spring_2018'],f04d53579de84074918a985304a22c84,493875,0
['course-v1:spbu+SOCLAB+spring_2018'],0edf9012bff546778914358cd1e48f4e,493875,0
['course-v1:spbu+SOCLAB+spring_2018'],c2a53370f5e44301918c551b8bb2f17c,493875,0
['course-v1:spbu+SOCLAB+spring_2018'],92dc03a5e8f1422c86b7ad2027051370,493875,0
['course-v1:spbu+SOCLAB+spring_2018'],1941ebda9cf74588a4a381f326435c3c,493875,2
['course-v1:spbu+SOCLAB+spring_2018'],1a17d645abe24d679ca25460fb6198bf,493875,2
['course-v1:spbu+SOCLAB+spring_2018'],34c886e366fa4ab7b6209486bff7b0d6,493875,0
['course-v1:spbu+SOCLAB+spring_2018'],6c085a02b1b34426963b93e63d2d4f98,493875,0
['course-v1:spbu+SOCLAB+spring_2018'],d9621f23da4a4e5faa6e1315fb730eac,493875,0
['course-v1:spbu+SOCLAB+spring_2018'],27688ee203c144bb83cff0cceab9a483,493875,0
['course-v1:spbu+SOCLAB+spring_2018'],e69c3d2f9bf24dc38f26d516ff72dafc,493875,0
['course-v1:spbu+SOCLAB+spring_2018'],96ba5292ebf640ffbe4b303fb1ff5a31,493875,0
['course-v1:spbu+SOCLAB+spring_2018'],0dece1c2c32046f8a41548f6ad5de4f2,493875,2
['course-v1:spbu+SOCLAB+spring_2018'],18c7ee896d6a4944a137a99b37fcd249,493875,2
['course-v1:spbu+SOCLAB+spring_2018'],1d389a136e47425a8ad238c16cc7b72b,493875,2
['course-v1:spbu+SOCLAB+spring_2018'],bba8998195d74caa9f322aa4524fa8dd,493875,0
['course-v1:spbu+SOCLAB+spring_2018'],cd8a29e227c9475fbc37edaa23cfa9d3,493875,0
['course-v1:spbu+SOCLAB+spring_2018'],1828bcc929d14d6d875e0acbc4c8274d,493875,2
['course-v1:spbu+SOCLAB+spring_2018'],afc0b0da6f7840099a2b04e41c7095f4,493875,0
['course-v1:spbu+SOCLAB+spring_2018'],ffc583f1720542a3b2959ae2de6a31aa,493875,0
['course-v1:spbu+SOCLAB+spring_2018'],e3c0abd8380d446c8e9a5fb6b15aeefc,154690,0
['course-v1:spbu+SOCLAB+spring_2018'],f04d53579de84074918a985304a22c84,154690,0
['course-v1:spbu+SOCLAB+spring_2018'],0edf9012bff546778914358cd1e48f4e,154690,0
['course-v1:spbu+SOCLAB+spring_2018'],92dc03a5e8f1422c86b7ad2027051370,154690,0
['course-v1:spbu+SOCLAB+spring_2018'],1941ebda9cf74588a4a381f326435c3c,154690,0
['course-v1:spbu+SOCLAB+spring_2018'],c2a53370f5e44301918c551b8bb2f17c,154690,0
['course-v1:spbu+SOCLAB+spring_2018'],1a17d645abe24d679ca25460fb6198bf,154690,0
['course-v1:spbu+SOCLAB+spring_2018'],d9621f23da4a4e5faa6e1315fb730eac,154690,0
['course-v1:spbu+SOCLAB+spring_2018'],34c886e366fa4ab7b6209486bff7b0d6,154690,0
['course-v1:spbu+SOCLAB+spring_2018'],1434b8d53d444779bc7e5be81a70575b,154690,0
['course-v1:spbu+SOCLAB+spring_2018'],061d8a5b581a45dab40b1ca9405ddf5b,154690,0
['course-v1:spbu+SOCLAB+spring_2018'],f5d3ea1438fc4dc399ef4edc441e892f,154690,0
['course-v1:spbu+SOCLAB+spring_2018'],18c7ee896d6a4944a137a99b37fcd249,154690,0
['course-v1:spbu+SOCLAB+spring_2018'],1d389a136e47425a8ad238c16cc7b72b,154690,0
['course-v1:spbu+SOCLAB+spring_2018'],bba8998195d74caa9f322aa4524fa8dd,154690,0
['course-v1:spbu+SOCLAB+spring_2018'],e69c3d2f9bf24dc38f26d516ff72dafc,154690,0
['course-v1:spbu+SOCLAB+spring_2018'],96ba5292ebf640ffbe4b303fb1ff5a31,154690,0
['course-v1:spbu+SOCLAB+spring_2018'],6cfbaccd1a0040b387e9a7ed8b4054c7,154690,0
['course-v1:spbu+SOCLAB+spring_2018'],748f4844d7eb4c1ca7ae5d860abdd065,154690,0
['course-v1:spbu+SOCLAB+spring_2018'],b2f78b1f662e4c24952c207d54bf7b9e,154690,0
['course-v1:spbu+SOCLAB+spring_2018'],cd8a29e227c9475fbc37edaa23cfa9d3,154690,0
['course-v1:spbu+SOCLAB+spring_2018'],9ea1c781adf7418ea201dfc2037789c5,154690,0
['course-v1:spbu+SOCLAB+spring_2018'],37128eb7bb69401ea9be1638c29b2865,154690,0
['course-v1:spbu+SOCLAB+spring_2018'],967228d4a2224c9e990c44752e1fd8c9,154690,0
['course-v1:spbu+SOCLAB+spring_2018'],30ae45b00f1d4e7f88ef92437564a6fd,154690,0
['course-v1:spbu+SOCLAB+spring_2018'],1828bcc929d14d6d875e0acbc4c8274d,154690,0
['course-v1:spbu+SOCLAB+spring_2018'],afc0b0da6f7840099a2b04e41c7095f4,154690,0
['course-v1:spbu+SOCLAB+spring_2018'],807a1dcddc7048e7b0fd4116357c6796,154690,0
['course-v1:spbu+SOCLAB+spring_2018'],8d30e64d32f740cebdbff84b90375be8,154690,0
['course-v1:spbu+SOCLAB+spring_2018'],cfd5b0cc8e184b22aee90e03cc383168,154690,0
['course-v1:spbu+SOCLAB+spring_2018'],86c3d90af7b54579870f929880a6f1c3,154690,0
['course-v1:spbu+SOCLAB+spring_2018'],911e79608f9541edb20dd5887ac1e9a8,154690,0
['course-v1:spbu+SOCLAB+spring_2018'],43c190f90262429c9c3c912e16c79233,154690,0
['course-v1:spbu+SOCLAB+spring_2018'],8846cd94c4374878a1bdfc5c3cb5d1e8,154690,0
['course-v1:spbu+SOCLAB+spring_2018'],b442dc12c0a649f1b23173b1833ef380,154690,0
['course-v1:spbu+SOCLAB+spring_2018'],6f18244edbf64f8ab81c1b5378d953f0,154690,0
['course-v1:spbu+SOCLAB+spring_2018'],376d602fdb994d5cb6f8efa7311087ef,154690,0
['course-v1:spbu+SOCLAB+spring_2018'],60bdfe9eac2340b19aefa80bed3df4d9,154690,0
['course-v1:spbu+SOCLAB+spring_2018'],079aad5593e3427dbb753ec869f121a7,154690,0
['course-v1:spbu+SOCLAB+spring_2018'],ff886716bfbf4ee3bda294d0c6f5d95e,154690,0
['course-v1:spbu+SOCLAB+spring_2018'],6a2492000afc4074b8e4a64c42a08820,154690,0
['course-v1:spbu+SOCLAB+spring_2018'],fdeba2be3e3f45c3bb8fbd1c01f41d2d,154690,0
['course-v1:spbu+SOCLAB+spring_2018'],c1974eb7d4e94e32be5662c18c100602,154690,0
['course-v1:spbu+SOCLAB+spring_2018'],939b37206e654f35ae914dd632a9223e,154690,0
['course-v1:spbu+SOCLAB+spring_2018'],4a1d9274e3454e30acb5109c58208cb7,154690,0
['course-v1:spbu+SOCLAB+spring_2018'],aa328b4f14cf4af391dd75c92f31db20,154690,0
['course-v1:spbu+SOCLAB+spring_2018'],ad35bbd476b34d0a8ad04254ddafc66e,154690,0
['course-v1:spbu+SOCLAB+spring_2018'],ffc583f1720542a3b2959ae2de6a31aa,154690,0
['course-v1:spbu+SOCLAB+spring_2018'],e3c0abd8380d446c8e9a5fb6b15aeefc,185925,0
['course-v1:spbu+SOCLAB+spring_2018'],f04d53579de84074918a985304a22c84,185925,0
['course-v1:spbu+SOCLAB+spring_2018'],0edf9012bff546778914358cd1e48f4e,185925,0
['course-v1:spbu+SOCLAB+spring_2018'],92dc03a5e8f1422c86b7ad2027051370,185925,0
['course-v1:spbu+SOCLAB+spring_2018'],1941ebda9cf74588a4a381f326435c3c,185925,0
['course-v1:spbu+SOCLAB+spring_2018'],c2a53370f5e44301918c551b8bb2f17c,185925,0
['course-v1:spbu+SOCLAB+spring_2018'],1a17d645abe24d679ca25460fb6198bf,185925,0
['course-v1:spbu+SOCLAB+spring_2018'],34c886e366fa4ab7b6209486bff7b0d6,185925,0
['course-v1:spbu+SOCLAB+spring_2018'],d9621f23da4a4e5faa6e1315fb730eac,185925,0
['course-v1:spbu+SOCLAB+spring_2018'],6c085a02b1b34426963b93e63d2d4f98,185925,0
['course-v1:spbu+SOCLAB+spring_2018'],061d8a5b581a45dab40b1ca9405ddf5b,185925,0
['course-v1:spbu+SOCLAB+spring_2018'],f5d3ea1438fc4dc399ef4edc441e892f,185925,0
['course-v1:spbu+SOCLAB+spring_2018'],1434b8d53d444779bc7e5be81a70575b,185925,0
['course-v1:spbu+SOCLAB+spring_2018'],27688ee203c144bb83cff0cceab9a483,185925,0
['course-v1:spbu+SOCLAB+spring_2018'],18c7ee896d6a4944a137a99b37fcd249,185925,0
['course-v1:spbu+SOCLAB+spring_2018'],1d389a136e47425a8ad238c16cc7b72b,185925,0
['course-v1:spbu+SOCLAB+spring_2018'],0dece1c2c32046f8a41548f6ad5de4f2,185925,0
['course-v1:spbu+SOCLAB+spring_2018'],bba8998195d74caa9f322aa4524fa8dd,185925,0
['course-v1:spbu+SOCLAB+spring_2018'],e69c3d2f9bf24dc38f26d516ff72dafc,185925,0
['course-v1:spbu+SOCLAB+spring_2018'],96ba5292ebf640ffbe4b303fb1ff5a31,185925,0
['course-v1:spbu+SOCLAB+spring_2018'],6cfbaccd1a0040b387e9a7ed8b4054c7,185925,0
['course-v1:spbu+SOCLAB+spring_2018'],748f4844d7eb4c1ca7ae5d860abdd065,185925,0
['course-v1:spbu+SOCLAB+spring_2018'],b2f78b1f662e4c24952c207d54bf7b9e,185925,0
['course-v1:spbu+SOCLAB+spring_2018'],cd8a29e227c9475fbc37edaa23cfa9d3,185925,0
['course-v1:spbu+SOCLAB+spring_2018'],9ea1c781adf7418ea201dfc2037789c5,185925,0
['course-v1:spbu+SOCLAB+spring_2018'],37128eb7bb69401ea9be1638c29b2865,185925,0
['course-v1:spbu+SOCLAB+spring_2018'],967228d4a2224c9e990c44752e1fd8c9,185925,0
['course-v1:spbu+SOCLAB+spring_2018'],30ae45b00f1d4e7f88ef92437564a6fd,185925,0
['course-v1:spbu+SOCLAB+spring_2018'],1828bcc929d14d6d875e0acbc4c8274d,185925,0
['course-v1:spbu+SOCLAB+spring_2018'],afc0b0da6f7840099a2b04e41c7095f4,185925,0
['course-v1:spbu+SOCLAB+spring_2018'],807a1dcddc7048e7b0fd4116357c6796,185925,0
['course-v1:spbu+SOCLAB+spring_2018'],8d30e64d32f740cebdbff84b90375be8,185925,0
['course-v1:spbu+SOCLAB+spring_2018'],cfd5b0cc8e184b22aee90e03cc383168,185925,0
['course-v1:spbu+SOCLAB+spring_2018'],86c3d90af7b54579870f929880a6f1c3,185925,0
['course-v1:spbu+SOCLAB+spring_2018'],911e79608f9541edb20dd5887ac1e9a8,185925,0
['course-v1:spbu+SOCLAB+spring_2018'],43c190f90262429c9c3c912e16c79233,185925,0
['course-v1:spbu+SOCLAB+spring_2018'],8846cd94c4374878a1bdfc5c3cb5d1e8,185925,0
['course-v1:spbu+SOCLAB+spring_2018'],b442dc12c0a649f1b23173b1833ef380,185925,0
['course-v1:spbu+SOCLAB+spring_2018'],6f18244edbf64f8ab81c1b5378d953f0,185925,0
['course-v1:spbu+SOCLAB+spring_2018'],376d602fdb994d5cb6f8efa7311087ef,185925,0
['course-v1:spbu+SOCLAB+spring_2018'],60bdfe9eac2340b19aefa80bed3df4d9,185925,0
['course-v1:spbu+SOCLAB+spring_2018'],079aad5593e3427dbb753ec869f121a7,185925,0
['course-v1:spbu+SOCLAB+spring_2018'],ff886716bfbf4ee3bda294d0c6f5d95e,185925,0
['course-v1:spbu+SOCLAB+spring_2018'],6a2492000afc4074b8e4a64c42a08820,185925,0
['course-v1:spbu+SOCLAB+spring_2018'],fdeba2be3e3f45c3bb8fbd1c01f41d2d,185925,0
['course-v1:spbu+SOCLAB+spring_2018'],c1974eb7d4e94e32be5662c18c100602,185925,0
['course-v1:spbu+SOCLAB+spring_2018'],939b37206e654f35ae914dd632a9223e,185925,0
['course-v1:spbu+SOCLAB+spring_2018'],4a1d9274e3454e30acb5109c58208cb7,185925,0
['course-v1:spbu+SOCLAB+spring_2018'],aa328b4f14cf4af391dd75c92f31db20,185925,0
['course-v1:spbu+SOCLAB+spring_2018'],ad35bbd476b34d0a8ad04254ddafc66e,185925,0
['course-v1:spbu+SOCLAB+spring_2018'],e3c0abd8380d446c8e9a5fb6b15aeefc,259731,0
['course-v1:spbu+SOCLAB+spring_2018'],f04d53579de84074918a985304a22c84,259731,0
['course-v1:spbu+SOCLAB+spring_2018'],0edf9012bff546778914358cd1e48f4e,259731,0
['course-v1:spbu+SOCLAB+spring_2018'],92dc03a5e8f1422c86b7ad2027051370,259731,0
['course-v1:spbu+SOCLAB+spring_2018'],1941ebda9cf74588a4a381f326435c3c,259731,0
['course-v1:spbu+SOCLAB+spring_2018'],c2a53370f5e44301918c551b8bb2f17c,259731,0
['course-v1:spbu+SOCLAB+spring_2018'],1a17d645abe24d679ca25460fb6198bf,259731,0
['course-v1:spbu+SOCLAB+spring_2018'],34c886e366fa4ab7b6209486bff7b0d6,259731,0
['course-v1:spbu+SOCLAB+spring_2018'],d9621f23da4a4e5faa6e1315fb730eac,259731,0
['course-v1:spbu+SOCLAB+spring_2018'],6c085a02b1b34426963b93e63d2d4f98,259731,0
['course-v1:spbu+SOCLAB+spring_2018'],061d8a5b581a45dab40b1ca9405ddf5b,259731,0
['course-v1:spbu+SOCLAB+spring_2018'],27688ee203c144bb83cff0cceab9a483,259731,0
['course-v1:spbu+SOCLAB+spring_2018'],18c7ee896d6a4944a137a99b37fcd249,259731,0
['course-v1:spbu+SOCLAB+spring_2018'],96ba5292ebf640ffbe4b303fb1ff5a31,259731,0
['course-v1:spbu+SOCLAB+spring_2018'],e69c3d2f9bf24dc38f26d516ff72dafc,259731,0
['course-v1:spbu+SOCLAB+spring_2018'],cd8a29e227c9475fbc37edaa23cfa9d3,259731,0
['course-v1:spbu+SOCLAB+spring_2018'],1d389a136e47425a8ad238c16cc7b72b,259731,0
['course-v1:spbu+SOCLAB+spring_2018'],6cfbaccd1a0040b387e9a7ed8b4054c7,259731,0
['course-v1:spbu+SOCLAB+spring_2018'],afc0b0da6f7840099a2b04e41c7095f4,259731,0
['course-v1:spbu+SOCLAB+spring_2018'],9ea1c781adf7418ea201dfc2037789c5,259731,0
['course-v1:spbu+SOCLAB+spring_2018'],37128eb7bb69401ea9be1638c29b2865,259731,0
['course-v1:spbu+SOCLAB+spring_2018'],30ae45b00f1d4e7f88ef92437564a6fd,259731,0
['course-v1:spbu+SOCLAB+spring_2018'],1828bcc929d14d6d875e0acbc4c8274d,259731,0
['course-v1:spbu+SOCLAB+spring_2018'],967228d4a2224c9e990c44752e1fd8c9,259731,0
['course-v1:spbu+SOCLAB+spring_2018'],43c190f90262429c9c3c912e16c79233,259731,0
['course-v1:spbu+SOCLAB+spring_2018'],079aad5593e3427dbb753ec869f121a7,259731,0
['course-v1:spbu+SOCLAB+spring_2018'],8846cd94c4374878a1bdfc5c3cb5d1e8,259731,0
['course-v1:spbu+SOCLAB+spring_2018'],b442dc12c0a649f1b23173b1833ef380,259731,0
['course-v1:spbu+SOCLAB+spring_2018'],376d602fdb994d5cb6f8efa7311087ef,259731,0
['course-v1:spbu+SOCLAB+spring_2018'],6f18244edbf64f8ab81c1b5378d953f0,259731,0
['course-v1:spbu+SOCLAB+spring_2018'],ff886716bfbf4ee3bda294d0c6f5d95e,259731,0
['course-v1:spbu+SOCLAB+spring_2018'],6a2492000afc4074b8e4a64c42a08820,259731,0
['course-v1:spbu+SOCLAB+spring_2018'],fdeba2be3e3f45c3bb8fbd1c01f41d2d,259731,0
['course-v1:spbu+SOCLAB+spring_2018'],c1974eb7d4e94e32be5662c18c100602,259731,0
['course-v1:spbu+SOCLAB+spring_2018'],ad35bbd476b34d0a8ad04254ddafc66e,259731,0
['course-v1:spbu+SOCLAB+spring_2018'],939b37206e654f35ae914dd632a9223e,259731,0
['course-v1:spbu+SOCLAB+spring_2018'],4a1d9274e3454e30acb5109c58208cb7,259731,0
['course-v1:spbu+SOCLAB+spring_2018'],aa328b4f14cf4af391dd75c92f31db20,259731,0
['course-v1:spbu+SOCLAB+spring_2018'],ffc583f1720542a3b2959ae2de6a31aa,259731,0
['course-v1:spbu+SOCLAB+spring_2018'],e3c0abd8380d446c8e9a5fb6b15aeefc,486614,0
['course-v1:spbu+SOCLAB+spring_2018'],f04d53579de84074918a985304a22c84,486614,0
['course-v1:spbu+SOCLAB+spring_2018'],0edf9012bff546778914358cd1e48f4e,486614,0
['course-v1:spbu+SOCLAB+spring_2018'],92dc03a5e8f1422c86b7ad2027051370,486614,0
['course-v1:spbu+SOCLAB+spring_2018'],c2a53370f5e44301918c551b8bb2f17c,486614,0
['course-v1:spbu+SOCLAB+spring_2018'],1941ebda9cf74588a4a381f326435c3c,486614,0
['course-v1:spbu+SOCLAB+spring_2018'],6c085a02b1b34426963b93e63d2d4f98,486614,0
['course-v1:spbu+SOCLAB+spring_2018'],1a17d645abe24d679ca25460fb6198bf,486614,0
['course-v1:spbu+SOCLAB+spring_2018'],34c886e366fa4ab7b6209486bff7b0d6,486614,0
['course-v1:spbu+SOCLAB+spring_2018'],d9621f23da4a4e5faa6e1315fb730eac,486614,0
['course-v1:spbu+SOCLAB+spring_2018'],27688ee203c144bb83cff0cceab9a483,486614,0
['course-v1:spbu+SOCLAB+spring_2018'],f5d3ea1438fc4dc399ef4edc441e892f,486614,0
['course-v1:spbu+SOCLAB+spring_2018'],e3c0abd8380d446c8e9a5fb6b15aeefc,350494,0
['course-v1:spbu+SOCLAB+spring_2018'],f04d53579de84074918a985304a22c84,350494,0
['course-v1:spbu+SOCLAB+spring_2018'],c2a53370f5e44301918c551b8bb2f17c,350494,0
['course-v1:spbu+SOCLAB+spring_2018'],0edf9012bff546778914358cd1e48f4e,350494,0
['course-v1:spbu+SOCLAB+spring_2018'],92dc03a5e8f1422c86b7ad2027051370,350494,0
['course-v1:spbu+SOCLAB+spring_2018'],1941ebda9cf74588a4a381f326435c3c,350494,0
['course-v1:spbu+SOCLAB+spring_2018'],1a17d645abe24d679ca25460fb6198bf,350494,0
['course-v1:spbu+SOCLAB+spring_2018'],6c085a02b1b34426963b93e63d2d4f98,350494,0
['course-v1:spbu+SOCLAB+spring_2018'],34c886e366fa4ab7b6209486bff7b0d6,350494,0
['course-v1:spbu+SOCLAB+spring_2018'],d9621f23da4a4e5faa6e1315fb730eac,350494,0
['course-v1:spbu+SOCLAB+spring_2018'],061d8a5b581a45dab40b1ca9405ddf5b,350494,0
['course-v1:spbu+SOCLAB+spring_2018'],27688ee203c144bb83cff0cceab9a483,350494,0
['course-v1:spbu+SOCLAB+spring_2018'],f5d3ea1438fc4dc399ef4edc441e892f,350494,0
['course-v1:spbu+SOCLAB+spring_2018'],1434b8d53d444779bc7e5be81a70575b,350494,0
['course-v1:spbu+SOCLAB+spring_2018'],e69c3d2f9bf24dc38f26d516ff72dafc,350494,0
['course-v1:spbu+SOCLAB+spring_2018'],96ba5292ebf640ffbe4b303fb1ff5a31,350494,0
['course-v1:spbu+SOCLAB+spring_2018'],0dece1c2c32046f8a41548f6ad5de4f2,350494,0
['course-v1:spbu+SOCLAB+spring_2018'],18c7ee896d6a4944a137a99b37fcd249,350494,0
['course-v1:spbu+SOCLAB+spring_2018'],1d389a136e47425a8ad238c16cc7b72b,350494,0
['course-v1:spbu+SOCLAB+spring_2018'],bba8998195d74caa9f322aa4524fa8dd,350494,0
['course-v1:spbu+SOCLAB+spring_2018'],cd8a29e227c9475fbc37edaa23cfa9d3,350494,0
['course-v1:spbu+SOCLAB+spring_2018'],6cfbaccd1a0040b387e9a7ed8b4054c7,350494,0
['course-v1:spbu+SOCLAB+spring_2018'],748f4844d7eb4c1ca7ae5d860abdd065,350494,0
['course-v1:spbu+SOCLAB+spring_2018'],b2f78b1f662e4c24952c207d54bf7b9e,350494,0
['course-v1:spbu+SOCLAB+spring_2018'],afc0b0da6f7840099a2b04e41c7095f4,350494,0
['course-v1:spbu+SOCLAB+spring_2018'],1828bcc929d14d6d875e0acbc4c8274d,350494,0
['course-v1:spbu+SOCLAB+spring_2018'],9ea1c781adf7418ea201dfc2037789c5,350494,0
['course-v1:spbu+SOCLAB+spring_2018'],37128eb7bb69401ea9be1638c29b2865,350494,0
['course-v1:spbu+SOCLAB+spring_2018'],967228d4a2224c9e990c44752e1fd8c9,350494,0
['course-v1:spbu+SOCLAB+spring_2018'],30ae45b00f1d4e7f88ef92437564a6fd,350494,0
['course-v1:spbu+SOCLAB+spring_2018'],911e79608f9541edb20dd5887ac1e9a8,350494,0
['course-v1:spbu+SOCLAB+spring_2018'],807a1dcddc7048e7b0fd4116357c6796,350494,0
['course-v1:spbu+SOCLAB+spring_2018'],43c190f90262429c9c3c912e16c79233,350494,0
['course-v1:spbu+SOCLAB+spring_2018'],cfd5b0cc8e184b22aee90e03cc383168,350494,0
['course-v1:spbu+SOCLAB+spring_2018'],8d30e64d32f740cebdbff84b90375be8,350494,0
['course-v1:spbu+SOCLAB+spring_2018'],86c3d90af7b54579870f929880a6f1c3,350494,0
['course-v1:spbu+SOCLAB+spring_2018'],60bdfe9eac2340b19aefa80bed3df4d9,350494,0
['course-v1:spbu+SOCLAB+spring_2018'],079aad5593e3427dbb753ec869f121a7,350494,0
['course-v1:spbu+SOCLAB+spring_2018'],8846cd94c4374878a1bdfc5c3cb5d1e8,350494,0
['course-v1:spbu+SOCLAB+spring_2018'],b442dc12c0a649f1b23173b1833ef380,350494,0
['course-v1:spbu+SOCLAB+spring_2018'],376d602fdb994d5cb6f8efa7311087ef,350494,0
['course-v1:spbu+SOCLAB+spring_2018'],ff886716bfbf4ee3bda294d0c6f5d95e,350494,0
['course-v1:spbu+SOCLAB+spring_2018'],6a2492000afc4074b8e4a64c42a08820,350494,0
['course-v1:spbu+SOCLAB+spring_2018'],fdeba2be3e3f45c3bb8fbd1c01f41d2d,350494,0
['course-v1:spbu+SOCLAB+spring_2018'],c1974eb7d4e94e32be5662c18c100602,350494,0
['course-v1:spbu+SOCLAB+spring_2018'],aa328b4f14cf4af391dd75c92f31db20,350494,0
['course-v1:spbu+SOCLAB+spring_2018'],939b37206e654f35ae914dd632a9223e,350494,0
['course-v1:spbu+SOCLAB+spring_2018'],4a1d9274e3454e30acb5109c58208cb7,350494,0
['course-v1:spbu+SOCLAB+spring_2018'],ffc583f1720542a3b2959ae2de6a31aa,350494,0
['course-v1:spbu+SOCLAB+spring_2018'],e3c0abd8380d446c8e9a5fb6b15aeefc,444404,0
['course-v1:spbu+SOCLAB+spring_2018'],c2a53370f5e44301918c551b8bb2f17c,444404,0
['course-v1:spbu+SOCLAB+spring_2018'],f04d53579de84074918a985304a22c84,444404,0
['course-v1:spbu+SOCLAB+spring_2018'],0edf9012bff546778914358cd1e48f4e,444404,0
['course-v1:spbu+SOCLAB+spring_2018'],92dc03a5e8f1422c86b7ad2027051370,444404,0
['course-v1:spbu+SOCLAB+spring_2018'],1941ebda9cf74588a4a381f326435c3c,444404,0
['course-v1:spbu+SOCLAB+spring_2018'],1a17d645abe24d679ca25460fb6198bf,444404,0
['course-v1:spbu+SOCLAB+spring_2018'],34c886e366fa4ab7b6209486bff7b0d6,444404,0
['course-v1:spbu+SOCLAB+spring_2018'],d9621f23da4a4e5faa6e1315fb730eac,444404,0
['course-v1:spbu+SOCLAB+spring_2018'],6c085a02b1b34426963b93e63d2d4f98,444404,0
['course-v1:spbu+SOCLAB+spring_2018'],061d8a5b581a45dab40b1ca9405ddf5b,444404,0
['course-v1:spbu+SOCLAB+spring_2018'],f5d3ea1438fc4dc399ef4edc441e892f,444404,0
['course-v1:spbu+SOCLAB+spring_2018'],1434b8d53d444779bc7e5be81a70575b,444404,0
['course-v1:spbu+SOCLAB+spring_2018'],27688ee203c144bb83cff0cceab9a483,444404,0
['course-v1:spbu+SOCLAB+spring_2018'],96ba5292ebf640ffbe4b303fb1ff5a31,444404,0
['course-v1:spbu+SOCLAB+spring_2018'],18c7ee896d6a4944a137a99b37fcd249,444404,0
['course-v1:spbu+SOCLAB+spring_2018'],1d389a136e47425a8ad238c16cc7b72b,444404,0
['course-v1:spbu+SOCLAB+spring_2018'],0dece1c2c32046f8a41548f6ad5de4f2,444404,0
['course-v1:spbu+SOCLAB+spring_2018'],bba8998195d74caa9f322aa4524fa8dd,444404,0
['course-v1:spbu+SOCLAB+spring_2018'],e69c3d2f9bf24dc38f26d516ff72dafc,444404,0
['course-v1:spbu+SOCLAB+spring_2018'],6cfbaccd1a0040b387e9a7ed8b4054c7,444404,0
['course-v1:spbu+SOCLAB+spring_2018'],748f4844d7eb4c1ca7ae5d860abdd065,444404,0
['course-v1:spbu+SOCLAB+spring_2018'],b2f78b1f662e4c24952c207d54bf7b9e,444404,0
['course-v1:spbu+SOCLAB+spring_2018'],cd8a29e227c9475fbc37edaa23cfa9d3,444404,0
['course-v1:spbu+SOCLAB+spring_2018'],9ea1c781adf7418ea201dfc2037789c5,444404,0
['course-v1:spbu+SOCLAB+spring_2018'],37128eb7bb69401ea9be1638c29b2865,444404,0
['course-v1:spbu+SOCLAB+spring_2018'],967228d4a2224c9e990c44752e1fd8c9,444404,0
['course-v1:spbu+SOCLAB+spring_2018'],30ae45b00f1d4e7f88ef92437564a6fd,444404,0
['course-v1:spbu+SOCLAB+spring_2018'],1828bcc929d14d6d875e0acbc4c8274d,444404,0
['course-v1:spbu+SOCLAB+spring_2018'],afc0b0da6f7840099a2b04e41c7095f4,444404,0
['course-v1:spbu+SOCLAB+spring_2018'],807a1dcddc7048e7b0fd4116357c6796,444404,0
['course-v1:spbu+SOCLAB+spring_2018'],8d30e64d32f740cebdbff84b90375be8,444404,0
['course-v1:spbu+SOCLAB+spring_2018'],cfd5b0cc8e184b22aee90e03cc383168,444404,0
['course-v1:spbu+SOCLAB+spring_2018'],86c3d90af7b54579870f929880a6f1c3,444404,0
['course-v1:spbu+SOCLAB+spring_2018'],911e79608f9541edb20dd5887ac1e9a8,444404,0
['course-v1:spbu+SOCLAB+spring_2018'],43c190f90262429c9c3c912e16c79233,444404,0
['course-v1:spbu+SOCLAB+spring_2018'],8846cd94c4374878a1bdfc5c3cb5d1e8,444404,0
['course-v1:spbu+SOCLAB+spring_2018'],b442dc12c0a649f1b23173b1833ef380,444404,0
['course-v1:spbu+SOCLAB+spring_2018'],6f18244edbf64f8ab81c1b5378d953f0,444404,0
['course-v1:spbu+SOCLAB+spring_2018'],376d602fdb994d5cb6f8efa7311087ef,444404,0
['course-v1:spbu+SOCLAB+spring_2018'],60bdfe9eac2340b19aefa80bed3df4d9,444404,0
['course-v1:spbu+SOCLAB+spring_2018'],079aad5593e3427dbb753ec869f121a7,444404,0
['course-v1:spbu+SOCLAB+spring_2018'],ff886716bfbf4ee3bda294d0c6f5d95e,444404,0
['course-v1:spbu+SOCLAB+spring_2018'],6a2492000afc4074b8e4a64c42a08820,444404,0
['course-v1:spbu+SOCLAB+spring_2018'],fdeba2be3e3f45c3bb8fbd1c01f41d2d,444404,0
['course-v1:spbu+SOCLAB+spring_2018'],c1974eb7d4e94e32be5662c18c100602,444404,0
['course-v1:spbu+SOCLAB+spring_2018'],939b37206e654f35ae914dd632a9223e,444404,0
['course-v1:spbu+SOCLAB+spring_2018'],4a1d9274e3454e30acb5109c58208cb7,444404,0
['course-v1:spbu+SOCLAB+spring_2018'],aa328b4f14cf4af391dd75c92f31db20,444404,0
['course-v1:spbu+SOCLAB+spring_2018'],ad35bbd476b34d0a8ad04254ddafc66e,444404,0
['course-v1:spbu+SOCLAB+spring_2018'],ffc583f1720542a3b2959ae2de6a31aa,444404,0
['course-v1:spbu+SOCLAB+spring_2018'],e3c0abd8380d446c8e9a5fb6b15aeefc,467046,0
['course-v1:spbu+SOCLAB+spring_2018'],0edf9012bff546778914358cd1e48f4e,467046,0
['course-v1:spbu+SOCLAB+spring_2018'],f04d53579de84074918a985304a22c84,467046,0
['course-v1:spbu+SOCLAB+spring_2018'],1941ebda9cf74588a4a381f326435c3c,467046,0
['course-v1:spbu+SOCLAB+spring_2018'],92dc03a5e8f1422c86b7ad2027051370,467046,0
['course-v1:spbu+SOCLAB+spring_2018'],c2a53370f5e44301918c551b8bb2f17c,467046,0
['course-v1:spbu+SOCLAB+spring_2018'],1a17d645abe24d679ca25460fb6198bf,467046,0
['course-v1:spbu+SOCLAB+spring_2018'],6c085a02b1b34426963b93e63d2d4f98,467046,0
['course-v1:spbu+SOCLAB+spring_2018'],34c886e366fa4ab7b6209486bff7b0d6,467046,0
['course-v1:spbu+SOCLAB+spring_2018'],d9621f23da4a4e5faa6e1315fb730eac,467046,0
['course-v1:spbu+SOCLAB+spring_2018'],27688ee203c144bb83cff0cceab9a483,467046,0
['course-v1:spbu+SOCLAB+spring_2018'],061d8a5b581a45dab40b1ca9405ddf5b,467046,0
['course-v1:spbu+SOCLAB+spring_2018'],f5d3ea1438fc4dc399ef4edc441e892f,467046,0
['course-v1:spbu+SOCLAB+spring_2018'],1434b8d53d444779bc7e5be81a70575b,467046,0
['course-v1:spbu+SOCLAB+spring_2018'],e69c3d2f9bf24dc38f26d516ff72dafc,467046,0
['course-v1:spbu+SOCLAB+spring_2018'],96ba5292ebf640ffbe4b303fb1ff5a31,467046,0
['course-v1:spbu+SOCLAB+spring_2018'],18c7ee896d6a4944a137a99b37fcd249,467046,0
['course-v1:spbu+SOCLAB+spring_2018'],1d389a136e47425a8ad238c16cc7b72b,467046,0
['course-v1:spbu+SOCLAB+spring_2018'],0dece1c2c32046f8a41548f6ad5de4f2,467046,0
['course-v1:spbu+SOCLAB+spring_2018'],bba8998195d74caa9f322aa4524fa8dd,467046,0
['course-v1:spbu+SOCLAB+spring_2018'],6cfbaccd1a0040b387e9a7ed8b4054c7,467046,0
['course-v1:spbu+SOCLAB+spring_2018'],cd8a29e227c9475fbc37edaa23cfa9d3,467046,0
['course-v1:spbu+SOCLAB+spring_2018'],748f4844d7eb4c1ca7ae5d860abdd065,467046,0
['course-v1:spbu+SOCLAB+spring_2018'],b2f78b1f662e4c24952c207d54bf7b9e,467046,0
['course-v1:spbu+SOCLAB+spring_2018'],afc0b0da6f7840099a2b04e41c7095f4,467046,0
['course-v1:spbu+SOCLAB+spring_2018'],e3c0abd8380d446c8e9a5fb6b15aeefc,559616,0
['course-v1:spbu+SOCLAB+spring_2018'],c2a53370f5e44301918c551b8bb2f17c,559616,0
['course-v1:spbu+SOCLAB+spring_2018'],92dc03a5e8f1422c86b7ad2027051370,559616,0
['course-v1:spbu+SOCLAB+spring_2018'],1a17d645abe24d679ca25460fb6198bf,559616,0
['course-v1:spbu+SOCLAB+spring_2018'],1941ebda9cf74588a4a381f326435c3c,559616,0
['course-v1:spbu+SOCLAB+spring_2018'],0edf9012bff546778914358cd1e48f4e,559616,0
['course-v1:spbu+SOCLAB+spring_2018'],f04d53579de84074918a985304a22c84,559616,0
['course-v1:spbu+SOCLAB+spring_2018'],34c886e366fa4ab7b6209486bff7b0d6,559616,0
['course-v1:spbu+SOCLAB+spring_2018'],d9621f23da4a4e5faa6e1315fb730eac,559616,0
['course-v1:spbu+SOCLAB+spring_2018'],6c085a02b1b34426963b93e63d2d4f98,559616,0
['course-v1:spbu+SOCLAB+spring_2018'],061d8a5b581a45dab40b1ca9405ddf5b,559616,0
['course-v1:spbu+SOCLAB+spring_2018'],f5d3ea1438fc4dc399ef4edc441e892f,559616,0
['course-v1:spbu+SOCLAB+spring_2018'],1434b8d53d444779bc7e5be81a70575b,559616,0
['course-v1:spbu+SOCLAB+spring_2018'],27688ee203c144bb83cff0cceab9a483,559616,0
['course-v1:spbu+SOCLAB+spring_2018'],18c7ee896d6a4944a137a99b37fcd249,559616,0
['course-v1:spbu+SOCLAB+spring_2018'],1d389a136e47425a8ad238c16cc7b72b,559616,0
['course-v1:spbu+SOCLAB+spring_2018'],0dece1c2c32046f8a41548f6ad5de4f2,559616,0
['course-v1:spbu+SOCLAB+spring_2018'],bba8998195d74caa9f322aa4524fa8dd,559616,0
['course-v1:spbu+SOCLAB+spring_2018'],e69c3d2f9bf24dc38f26d516ff72dafc,559616,0
['course-v1:spbu+SOCLAB+spring_2018'],96ba5292ebf640ffbe4b303fb1ff5a31,559616,0
['course-v1:spbu+SOCLAB+spring_2018'],e3c0abd8380d446c8e9a5fb6b15aeefc,554852,0
['course-v1:spbu+SOCLAB+spring_2018'],f04d53579de84074918a985304a22c84,554852,0
['course-v1:spbu+SOCLAB+spring_2018'],c2a53370f5e44301918c551b8bb2f17c,554852,0
['course-v1:spbu+SOCLAB+spring_2018'],0edf9012bff546778914358cd1e48f4e,554852,0
['course-v1:spbu+SOCLAB+spring_2018'],1941ebda9cf74588a4a381f326435c3c,554852,0
['course-v1:spbu+SOCLAB+spring_2018'],92dc03a5e8f1422c86b7ad2027051370,554852,0
['course-v1:spbu+SOCLAB+spring_2018'],1a17d645abe24d679ca25460fb6198bf,554852,0
['course-v1:spbu+SOCLAB+spring_2018'],6c085a02b1b34426963b93e63d2d4f98,554852,0
['course-v1:spbu+SOCLAB+spring_2018'],27688ee203c144bb83cff0cceab9a483,554852,0
['course-v1:spbu+SOCLAB+spring_2018'],e69c3d2f9bf24dc38f26d516ff72dafc,554852,0
['course-v1:spbu+SOCLAB+spring_2018'],bba8998195d74caa9f322aa4524fa8dd,554852,0
['course-v1:spbu+SOCLAB+spring_2018'],96ba5292ebf640ffbe4b303fb1ff5a31,554852,0
['course-v1:spbu+SOCLAB+spring_2018'],cd8a29e227c9475fbc37edaa23cfa9d3,554852,0
['course-v1:spbu+SOCLAB+spring_2018'],18c7ee896d6a4944a137a99b37fcd249,554852,0
['course-v1:spbu+SOCLAB+spring_2018'],1d389a136e47425a8ad238c16cc7b72b,554852,0
['course-v1:spbu+SOCLAB+spring_2018'],afc0b0da6f7840099a2b04e41c7095f4,554852,0
['course-v1:spbu+SOCLAB+spring_2018'],1828bcc929d14d6d875e0acbc4c8274d,554852,0
['course-v1:spbu+SOCLAB+spring_2018'],967228d4a2224c9e990c44752e1fd8c9,554852,0
['course-v1:spbu+SOCLAB+spring_2018'],34c886e366fa4ab7b6209486bff7b0d6,554852,0
['course-v1:spbu+SOCLAB+spring_2018'],d9621f23da4a4e5faa6e1315fb730eac,554852,0
['course-v1:spbu+SOCLAB+spring_2018'],061d8a5b581a45dab40b1ca9405ddf5b,554852,0
['course-v1:spbu+SOCLAB+spring_2018'],1434b8d53d444779bc7e5be81a70575b,554852,0
['course-v1:spbu+SOCLAB+spring_2018'],f5d3ea1438fc4dc399ef4edc441e892f,554852,0
['course-v1:spbu+SOCLAB+spring_2018'],0dece1c2c32046f8a41548f6ad5de4f2,554852,0
['course-v1:spbu+SOCLAB+spring_2018'],6cfbaccd1a0040b387e9a7ed8b4054c7,554852,0
['course-v1:spbu+SOCLAB+spring_2018'],748f4844d7eb4c1ca7ae5d860abdd065,554852,0
['course-v1:spbu+SOCLAB+spring_2018'],b2f78b1f662e4c24952c207d54bf7b9e,554852,0
['course-v1:spbu+SOCLAB+spring_2018'],9ea1c781adf7418ea201dfc2037789c5,554852,0
['course-v1:spbu+SOCLAB+spring_2018'],37128eb7bb69401ea9be1638c29b2865,554852,0
['course-v1:spbu+SOCLAB+spring_2018'],30ae45b00f1d4e7f88ef92437564a6fd,554852,0
['course-v1:spbu+SOCLAB+spring_2018'],e3c0abd8380d446c8e9a5fb6b15aeefc,559517,0
['course-v1:spbu+SOCLAB+spring_2018'],f04d53579de84074918a985304a22c84,559517,0
['course-v1:spbu+SOCLAB+spring_2018'],0edf9012bff546778914358cd1e48f4e,559517,0
['course-v1:spbu+SOCLAB+spring_2018'],92dc03a5e8f1422c86b7ad2027051370,559517,0
['course-v1:spbu+SOCLAB+spring_2018'],1941ebda9cf74588a4a381f326435c3c,559517,0
['course-v1:spbu+SOCLAB+spring_2018'],c2a53370f5e44301918c551b8bb2f17c,559517,0
['course-v1:spbu+SOCLAB+spring_2018'],1a17d645abe24d679ca25460fb6198bf,559517,0
['course-v1:spbu+SOCLAB+spring_2018'],6c085a02b1b34426963b93e63d2d4f98,559517,0
['course-v1:spbu+SOCLAB+spring_2018'],061d8a5b581a45dab40b1ca9405ddf5b,559517,0
['course-v1:spbu+SOCLAB+spring_2018'],911e79608f9541edb20dd5887ac1e9a8,559517,0
['course-v1:spbu+SOCLAB+spring_2018'],43c190f90262429c9c3c912e16c79233,559517,0
['course-v1:spbu+SOCLAB+spring_2018'],27688ee203c144bb83cff0cceab9a483,559517,0
['course-v1:spbu+SOCLAB+spring_2018'],cd8a29e227c9475fbc37edaa23cfa9d3,559517,0
['course-v1:spbu+SOCLAB+spring_2018'],9ea1c781adf7418ea201dfc2037789c5,559517,0
['course-v1:spbu+SOCLAB+spring_2018'],37128eb7bb69401ea9be1638c29b2865,559517,0
['course-v1:spbu+SOCLAB+spring_2018'],967228d4a2224c9e990c44752e1fd8c9,559517,0
['course-v1:spbu+SOCLAB+spring_2018'],afc0b0da6f7840099a2b04e41c7095f4,559517,0
['course-v1:spbu+SOCLAB+spring_2018'],807a1dcddc7048e7b0fd4116357c6796,559517,0
['course-v1:spbu+SOCLAB+spring_2018'],86c3d90af7b54579870f929880a6f1c3,559517,0
['course-v1:spbu+SOCLAB+spring_2018'],34c886e366fa4ab7b6209486bff7b0d6,559517,0
['course-v1:spbu+SOCLAB+spring_2018'],d9621f23da4a4e5faa6e1315fb730eac,559517,0
['course-v1:spbu+SOCLAB+spring_2018'],f5d3ea1438fc4dc399ef4edc441e892f,559517,0
['course-v1:spbu+SOCLAB+spring_2018'],1434b8d53d444779bc7e5be81a70575b,559517,0
['course-v1:spbu+SOCLAB+spring_2018'],18c7ee896d6a4944a137a99b37fcd249,559517,0
['course-v1:spbu+SOCLAB+spring_2018'],1d389a136e47425a8ad238c16cc7b72b,559517,0
['course-v1:spbu+SOCLAB+spring_2018'],0dece1c2c32046f8a41548f6ad5de4f2,559517,0
['course-v1:spbu+SOCLAB+spring_2018'],bba8998195d74caa9f322aa4524fa8dd,559517,0
['course-v1:spbu+SOCLAB+spring_2018'],e69c3d2f9bf24dc38f26d516ff72dafc,559517,0
['course-v1:spbu+SOCLAB+spring_2018'],96ba5292ebf640ffbe4b303fb1ff5a31,559517,0
['course-v1:spbu+SOCLAB+spring_2018'],6cfbaccd1a0040b387e9a7ed8b4054c7,559517,0
['course-v1:spbu+SOCLAB+spring_2018'],748f4844d7eb4c1ca7ae5d860abdd065,559517,0
['course-v1:spbu+SOCLAB+spring_2018'],b2f78b1f662e4c24952c207d54bf7b9e,559517,0
['course-v1:spbu+SOCLAB+spring_2018'],30ae45b00f1d4e7f88ef92437564a6fd,559517,0
['course-v1:spbu+SOCLAB+spring_2018'],1828bcc929d14d6d875e0acbc4c8274d,559517,0
['course-v1:spbu+SOCLAB+spring_2018'],8d30e64d32f740cebdbff84b90375be8,559517,0
['course-v1:spbu+SOCLAB+spring_2018'],cfd5b0cc8e184b22aee90e03cc383168,559517,0
['course-v1:spbu+SOCLAB+spring_2018'],60bdfe9eac2340b19aefa80bed3df4d9,559517,0
['course-v1:spbu+SOCLAB+spring_2018'],376d602fdb994d5cb6f8efa7311087ef,559517,0
['course-v1:spbu+SOCLAB+spring_2018'],079aad5593e3427dbb753ec869f121a7,559517,0
['course-v1:spbu+SOCLAB+spring_2018'],aa328b4f14cf4af391dd75c92f31db20,559517,0
['course-v1:spbu+SOCLAB+spring_2018'],ad35bbd476b34d0a8ad04254ddafc66e,559517,0
['course-v1:spbu+SOCLAB+spring_2018'],ffc583f1720542a3b2959ae2de6a31aa,559517,0
['course-v1:spbu+SOCLAB+spring_2018'],e3c0abd8380d446c8e9a5fb6b15aeefc,583886,0
['course-v1:spbu+SOCLAB+spring_2018'],f04d53579de84074918a985304a22c84,583886,0
['course-v1:spbu+SOCLAB+spring_2018'],c2a53370f5e44301918c551b8bb2f17c,583886,0
['course-v1:spbu+SOCLAB+spring_2018'],6c085a02b1b34426963b93e63d2d4f98,583886,0
['course-v1:spbu+SOCLAB+spring_2018'],27688ee203c144bb83cff0cceab9a483,583886,0
['course-v1:spbu+SOCLAB+spring_2018'],0edf9012bff546778914358cd1e48f4e,583886,0
['course-v1:spbu+SOCLAB+spring_2018'],92dc03a5e8f1422c86b7ad2027051370,583886,0
['course-v1:spbu+SOCLAB+spring_2018'],1941ebda9cf74588a4a381f326435c3c,583886,0
['course-v1:spbu+SOCLAB+spring_2018'],1a17d645abe24d679ca25460fb6198bf,583886,0
['course-v1:spbu+SOCLAB+spring_2018'],34c886e366fa4ab7b6209486bff7b0d6,583886,0
['course-v1:spbu+SOCLAB+spring_2018'],d9621f23da4a4e5faa6e1315fb730eac,583886,0
['course-v1:spbu+SOCLAB+spring_2018'],061d8a5b581a45dab40b1ca9405ddf5b,583886,0
['course-v1:spbu+SOCLAB+spring_2018'],f5d3ea1438fc4dc399ef4edc441e892f,583886,0
['course-v1:spbu+SOCLAB+spring_2018'],1434b8d53d444779bc7e5be81a70575b,583886,0
['course-v1:spbu+SOCLAB+spring_2018'],e69c3d2f9bf24dc38f26d516ff72dafc,583886,0
['course-v1:spbu+SOCLAB+spring_2018'],96ba5292ebf640ffbe4b303fb1ff5a31,583886,0
['course-v1:spbu+SOCLAB+spring_2018'],cd8a29e227c9475fbc37edaa23cfa9d3,583886,0
['course-v1:spbu+SOCLAB+spring_2018'],1828bcc929d14d6d875e0acbc4c8274d,583886,0
['course-v1:spbu+SOCLAB+spring_2018'],afc0b0da6f7840099a2b04e41c7095f4,583886,0
['course-v1:spbu+SOCLAB+spring_2018'],911e79608f9541edb20dd5887ac1e9a8,583886,0
['course-v1:spbu+SOCLAB+spring_2018'],43c190f90262429c9c3c912e16c79233,583886,0
['course-v1:spbu+SOCLAB+spring_2018'],6cfbaccd1a0040b387e9a7ed8b4054c7,583886,0
['course-v1:spbu+SOCLAB+spring_2018'],807a1dcddc7048e7b0fd4116357c6796,583886,0
['course-v1:spbu+SOCLAB+spring_2018'],8d30e64d32f740cebdbff84b90375be8,583886,0
['course-v1:spbu+SOCLAB+spring_2018'],cfd5b0cc8e184b22aee90e03cc383168,583886,0
['course-v1:spbu+SOCLAB+spring_2018'],60bdfe9eac2340b19aefa80bed3df4d9,583886,0
['course-v1:spbu+SOCLAB+spring_2018'],079aad5593e3427dbb753ec869f121a7,583886,0
['course-v1:spbu+SOCLAB+spring_2018'],8846cd94c4374878a1bdfc5c3cb5d1e8,583886,0
['course-v1:spbu+SOCLAB+spring_2018'],ffc583f1720542a3b2959ae2de6a31aa,583886,0
['course-v1:spbu+SOCLAB+spring_2018'],ad35bbd476b34d0a8ad04254ddafc66e,583886,0
['course-v1:spbu+SOCLAB+spring_2018'],e3c0abd8380d446c8e9a5fb6b15aeefc,22331,0
['course-v1:spbu+SOCLAB+spring_2018'],f04d53579de84074918a985304a22c84,22331,0
['course-v1:spbu+SOCLAB+spring_2018'],0edf9012bff546778914358cd1e48f4e,22331,0
['course-v1:spbu+SOCLAB+spring_2018'],92dc03a5e8f1422c86b7ad2027051370,22331,0
['course-v1:spbu+SOCLAB+spring_2018'],1941ebda9cf74588a4a381f326435c3c,22331,0
['course-v1:spbu+SOCLAB+spring_2018'],c2a53370f5e44301918c551b8bb2f17c,22331,0
['course-v1:spbu+SOCLAB+spring_2018'],1a17d645abe24d679ca25460fb6198bf,22331,0
['course-v1:spbu+SOCLAB+spring_2018'],34c886e366fa4ab7b6209486bff7b0d6,22331,0
['course-v1:spbu+SOCLAB+spring_2018'],d9621f23da4a4e5faa6e1315fb730eac,22331,0
['course-v1:spbu+SOCLAB+spring_2018'],6c085a02b1b34426963b93e63d2d4f98,22331,0
['course-v1:spbu+SOCLAB+spring_2018'],061d8a5b581a45dab40b1ca9405ddf5b,22331,0
['course-v1:spbu+SOCLAB+spring_2018'],f5d3ea1438fc4dc399ef4edc441e892f,22331,0
['course-v1:spbu+SOCLAB+spring_2018'],1434b8d53d444779bc7e5be81a70575b,22331,0
['course-v1:spbu+SOCLAB+spring_2018'],27688ee203c144bb83cff0cceab9a483,22331,0
['course-v1:spbu+SOCLAB+spring_2018'],18c7ee896d6a4944a137a99b37fcd249,22331,0
['course-v1:spbu+SOCLAB+spring_2018'],1d389a136e47425a8ad238c16cc7b72b,22331,0
['course-v1:spbu+SOCLAB+spring_2018'],0dece1c2c32046f8a41548f6ad5de4f2,22331,0
['course-v1:spbu+SOCLAB+spring_2018'],bba8998195d74caa9f322aa4524fa8dd,22331,0
['course-v1:spbu+SOCLAB+spring_2018'],e69c3d2f9bf24dc38f26d516ff72dafc,22331,0
['course-v1:spbu+SOCLAB+spring_2018'],96ba5292ebf640ffbe4b303fb1ff5a31,22331,0
['course-v1:spbu+SOCLAB+spring_2018'],6cfbaccd1a0040b387e9a7ed8b4054c7,22331,0
['course-v1:spbu+SOCLAB+spring_2018'],748f4844d7eb4c1ca7ae5d860abdd065,22331,0
['course-v1:spbu+SOCLAB+spring_2018'],b2f78b1f662e4c24952c207d54bf7b9e,22331,0
['course-v1:spbu+SOCLAB+spring_2018'],cd8a29e227c9475fbc37edaa23cfa9d3,22331,0
['course-v1:spbu+SOCLAB+spring_2018'],9ea1c781adf7418ea201dfc2037789c5,22331,0
['course-v1:spbu+SOCLAB+spring_2018'],37128eb7bb69401ea9be1638c29b2865,22331,0
['course-v1:spbu+SOCLAB+spring_2018'],967228d4a2224c9e990c44752e1fd8c9,22331,0
['course-v1:spbu+SOCLAB+spring_2018'],30ae45b00f1d4e7f88ef92437564a6fd,22331,0
['course-v1:spbu+SOCLAB+spring_2018'],1828bcc929d14d6d875e0acbc4c8274d,22331,0
['course-v1:spbu+SOCLAB+spring_2018'],afc0b0da6f7840099a2b04e41c7095f4,22331,0
['course-v1:spbu+SOCLAB+spring_2018'],807a1dcddc7048e7b0fd4116357c6796,22331,0
['course-v1:spbu+SOCLAB+spring_2018'],8d30e64d32f740cebdbff84b90375be8,22331,0
['course-v1:spbu+SOCLAB+spring_2018'],cfd5b0cc8e184b22aee90e03cc383168,22331,0
['course-v1:spbu+SOCLAB+spring_2018'],86c3d90af7b54579870f929880a6f1c3,22331,0
['course-v1:spbu+SOCLAB+spring_2018'],911e79608f9541edb20dd5887ac1e9a8,22331,0
['course-v1:spbu+SOCLAB+spring_2018'],43c190f90262429c9c3c912e16c79233,22331,0
['course-v1:spbu+SOCLAB+spring_2018'],8846cd94c4374878a1bdfc5c3cb5d1e8,22331,0
['course-v1:spbu+SOCLAB+spring_2018'],b442dc12c0a649f1b23173b1833ef380,22331,0
['course-v1:spbu+SOCLAB+spring_2018'],6f18244edbf64f8ab81c1b5378d953f0,22331,0
['course-v1:spbu+SOCLAB+spring_2018'],376d602fdb994d5cb6f8efa7311087ef,22331,0
['course-v1:spbu+SOCLAB+spring_2018'],60bdfe9eac2340b19aefa80bed3df4d9,22331,0
['course-v1:spbu+SOCLAB+spring_2018'],079aad5593e3427dbb753ec869f121a7,22331,0
['course-v1:spbu+SOCLAB+spring_2018'],ff886716bfbf4ee3bda294d0c6f5d95e,22331,0
['course-v1:spbu+SOCLAB+spring_2018'],6a2492000afc4074b8e4a64c42a08820,22331,0
['course-v1:spbu+SOCLAB+spring_2018'],fdeba2be3e3f45c3bb8fbd1c01f41d2d,22331,0
['course-v1:spbu+SOCLAB+spring_2018'],c1974eb7d4e94e32be5662c18c100602,22331,0
['course-v1:spbu+SOCLAB+spring_2018'],939b37206e654f35ae914dd632a9223e,22331,0
['course-v1:spbu+SOCLAB+spring_2018'],4a1d9274e3454e30acb5109c58208cb7,22331,0
['course-v1:spbu+SOCLAB+spring_2018'],aa328b4f14cf4af391dd75c92f31db20,22331,0
['course-v1:spbu+SOCLAB+spring_2018'],ad35bbd476b34d0a8ad04254ddafc66e,22331,0
['course-v1:spbu+SOCLAB+spring_2018'],ffc583f1720542a3b2959ae2de6a31aa,22331,0
['course-v1:spbu+SOCLAB+spring_2018'],e3c0abd8380d446c8e9a5fb6b15aeefc,595666,0
['course-v1:spbu+SOCLAB+spring_2018'],f04d53579de84074918a985304a22c84,595666,0
['course-v1:spbu+SOCLAB+spring_2018'],0edf9012bff546778914358cd1e48f4e,595666,0
['course-v1:spbu+SOCLAB+spring_2018'],92dc03a5e8f1422c86b7ad2027051370,595666,0
['course-v1:spbu+SOCLAB+spring_2018'],1941ebda9cf74588a4a381f326435c3c,595666,0
['course-v1:spbu+SOCLAB+spring_2018'],c2a53370f5e44301918c551b8bb2f17c,595666,0
['course-v1:spbu+SOCLAB+spring_2018'],27688ee203c144bb83cff0cceab9a483,595666,0
['course-v1:spbu+SOCLAB+spring_2018'],061d8a5b581a45dab40b1ca9405ddf5b,595666,0
['course-v1:spbu+SOCLAB+spring_2018'],1a17d645abe24d679ca25460fb6198bf,595666,0
['course-v1:spbu+SOCLAB+spring_2018'],6c085a02b1b34426963b93e63d2d4f98,595666,0
['course-v1:spbu+SOCLAB+spring_2018'],e69c3d2f9bf24dc38f26d516ff72dafc,595666,0
['course-v1:spbu+SOCLAB+spring_2018'],96ba5292ebf640ffbe4b303fb1ff5a31,595666,0
['course-v1:spbu+SOCLAB+spring_2018'],34c886e366fa4ab7b6209486bff7b0d6,595666,0
['course-v1:spbu+SOCLAB+spring_2018'],d9621f23da4a4e5faa6e1315fb730eac,595666,0
['course-v1:spbu+SOCLAB+spring_2018'],f5d3ea1438fc4dc399ef4edc441e892f,595666,0
['course-v1:spbu+SOCLAB+spring_2018'],1434b8d53d444779bc7e5be81a70575b,595666,0
['course-v1:spbu+SOCLAB+spring_2018'],18c7ee896d6a4944a137a99b37fcd249,595666,0
['course-v1:spbu+SOCLAB+spring_2018'],1d389a136e47425a8ad238c16cc7b72b,595666,0
['course-v1:spbu+SOCLAB+spring_2018'],0dece1c2c32046f8a41548f6ad5de4f2,595666,0
['course-v1:spbu+SOCLAB+spring_2018'],bba8998195d74caa9f322aa4524fa8dd,595666,0
['course-v1:spbu+SOCLAB+spring_2018'],6cfbaccd1a0040b387e9a7ed8b4054c7,595666,0
['course-v1:spbu+SOCLAB+spring_2018'],cd8a29e227c9475fbc37edaa23cfa9d3,595666,0
['course-v1:spbu+SOCLAB+spring_2018'],748f4844d7eb4c1ca7ae5d860abdd065,595666,0
['course-v1:spbu+SOCLAB+spring_2018'],9ea1c781adf7418ea201dfc2037789c5,595666,0
['course-v1:spbu+SOCLAB+spring_2018'],1828bcc929d14d6d875e0acbc4c8274d,595666,0
['course-v1:spbu+SOCLAB+spring_2018'],afc0b0da6f7840099a2b04e41c7095f4,595666,0
['course-v1:spbu+SOCLAB+spring_2018'],967228d4a2224c9e990c44752e1fd8c9,595666,0
['course-v1:spbu+SOCLAB+spring_2018'],37128eb7bb69401ea9be1638c29b2865,595666,0
['course-v1:spbu+SOCLAB+spring_2018'],30ae45b00f1d4e7f88ef92437564a6fd,595666,0
['course-v1:spbu+SOCLAB+spring_2018'],86c3d90af7b54579870f929880a6f1c3,595666,0
['course-v1:spbu+SOCLAB+spring_2018'],911e79608f9541edb20dd5887ac1e9a8,595666,0
['course-v1:spbu+SOCLAB+spring_2018'],43c190f90262429c9c3c912e16c79233,595666,0
['course-v1:spbu+SOCLAB+spring_2018'],cfd5b0cc8e184b22aee90e03cc383168,595666,0
['course-v1:spbu+SOCLAB+spring_2018'],60bdfe9eac2340b19aefa80bed3df4d9,595666,0
['course-v1:spbu+SOCLAB+spring_2018'],079aad5593e3427dbb753ec869f121a7,595666,0
['course-v1:spbu+SOCLAB+spring_2018'],8846cd94c4374878a1bdfc5c3cb5d1e8,595666,0
['course-v1:spbu+SOCLAB+spring_2018'],b442dc12c0a649f1b23173b1833ef380,595666,0
['course-v1:spbu+SOCLAB+spring_2018'],6f18244edbf64f8ab81c1b5378d953f0,595666,0
['course-v1:spbu+SOCLAB+spring_2018'],376d602fdb994d5cb6f8efa7311087ef,595666,0
['course-v1:spbu+SOCLAB+spring_2018'],ff886716bfbf4ee3bda294d0c6f5d95e,595666,0
['course-v1:spbu+SOCLAB+spring_2018'],6a2492000afc4074b8e4a64c42a08820,595666,0
['course-v1:spbu+SOCLAB+spring_2018'],fdeba2be3e3f45c3bb8fbd1c01f41d2d,595666,0
['course-v1:spbu+SOCLAB+spring_2018'],c1974eb7d4e94e32be5662c18c100602,595666,0
['course-v1:spbu+SOCLAB+spring_2018'],aa328b4f14cf4af391dd75c92f31db20,595666,0
['course-v1:spbu+SOCLAB+spring_2018'],ad35bbd476b34d0a8ad04254ddafc66e,595666,0
['course-v1:spbu+SOCLAB+spring_2018'],ffc583f1720542a3b2959ae2de6a31aa,595666,0
['course-v1:spbu+SOCLAB+spring_2018'],e3c0abd8380d446c8e9a5fb6b15aeefc,68448,0
['course-v1:spbu+SOCLAB+spring_2018'],f04d53579de84074918a985304a22c84,68448,0
['course-v1:spbu+SOCLAB+spring_2018'],8d30e64d32f740cebdbff84b90375be8,68448,0
['course-v1:spbu+SOCLAB+spring_2018'],86c3d90af7b54579870f929880a6f1c3,68448,0
['course-v1:spbu+SOCLAB+spring_2018'],ff886716bfbf4ee3bda294d0c6f5d95e,68448,0
['course-v1:spbu+SOCLAB+spring_2018'],6a2492000afc4074b8e4a64c42a08820,68448,0
['course-v1:spbu+SOCLAB+spring_2018'],fdeba2be3e3f45c3bb8fbd1c01f41d2d,68448,0
['course-v1:spbu+SOCLAB+spring_2018'],939b37206e654f35ae914dd632a9223e,68448,0
['course-v1:spbu+SOCLAB+spring_2018'],e3c0abd8380d446c8e9a5fb6b15aeefc,473125,0
['course-v1:spbu+SOCLAB+spring_2018'],061d8a5b581a45dab40b1ca9405ddf5b,473125,0
['course-v1:spbu+SOCLAB+spring_2018'],e69c3d2f9bf24dc38f26d516ff72dafc,473125,0
['course-v1:spbu+SOCLAB+spring_2018'],96ba5292ebf640ffbe4b303fb1ff5a31,473125,0
['course-v1:spbu+SOCLAB+spring_2018'],0dece1c2c32046f8a41548f6ad5de4f2,473125,0
['course-v1:spbu+SOCLAB+spring_2018'],e3c0abd8380d446c8e9a5fb6b15aeefc,48168,0
['course-v1:spbu+SOCLAB+spring_2018'],b442dc12c0a649f1b23173b1833ef380,48168,0
['course-v1:spbu+SOCLAB+spring_2018'],f04d53579de84074918a985304a22c84,48168,0
['course-v1:spbu+SOCLAB+spring_2018'],0edf9012bff546778914358cd1e48f4e,48168,0
['course-v1:spbu+SOCLAB+spring_2018'],92dc03a5e8f1422c86b7ad2027051370,48168,0
['course-v1:spbu+SOCLAB+spring_2018'],1941ebda9cf74588a4a381f326435c3c,48168,0
['course-v1:spbu+SOCLAB+spring_2018'],c2a53370f5e44301918c551b8bb2f17c,48168,0
['course-v1:spbu+SOCLAB+spring_2018'],1a17d645abe24d679ca25460fb6198bf,48168,0
['course-v1:spbu+SOCLAB+spring_2018'],34c886e366fa4ab7b6209486bff7b0d6,48168,0
['course-v1:spbu+SOCLAB+spring_2018'],d9621f23da4a4e5faa6e1315fb730eac,48168,0
['course-v1:spbu+SOCLAB+spring_2018'],6c085a02b1b34426963b93e63d2d4f98,48168,0
['course-v1:spbu+SOCLAB+spring_2018'],061d8a5b581a45dab40b1ca9405ddf5b,48168,0
['course-v1:spbu+SOCLAB+spring_2018'],18c7ee896d6a4944a137a99b37fcd249,48168,0
['course-v1:spbu+SOCLAB+spring_2018'],6cfbaccd1a0040b387e9a7ed8b4054c7,48168,0
['course-v1:spbu+SOCLAB+spring_2018'],9ea1c781adf7418ea201dfc2037789c5,48168,0
['course-v1:spbu+SOCLAB+spring_2018'],807a1dcddc7048e7b0fd4116357c6796,48168,0
['course-v1:spbu+SOCLAB+spring_2018'],8846cd94c4374878a1bdfc5c3cb5d1e8,48168,0
['course-v1:spbu+SOCLAB+spring_2018'],ff886716bfbf4ee3bda294d0c6f5d95e,48168,0
['course-v1:spbu+SOCLAB+spring_2018'],c1974eb7d4e94e32be5662c18c100602,48168,0
['course-v1:spbu+SOCLAB+spring_2018'],f5d3ea1438fc4dc399ef4edc441e892f,48168,0
['course-v1:spbu+SOCLAB+spring_2018'],1434b8d53d444779bc7e5be81a70575b,48168,0
['course-v1:spbu+SOCLAB+spring_2018'],1d389a136e47425a8ad238c16cc7b72b,48168,0
['course-v1:spbu+SOCLAB+spring_2018'],bba8998195d74caa9f322aa4524fa8dd,48168,0
['course-v1:spbu+SOCLAB+spring_2018'],0dece1c2c32046f8a41548f6ad5de4f2,48168,0
['course-v1:spbu+SOCLAB+spring_2018'],e69c3d2f9bf24dc38f26d516ff72dafc,48168,0
['course-v1:spbu+SOCLAB+spring_2018'],96ba5292ebf640ffbe4b303fb1ff5a31,48168,0
['course-v1:spbu+SOCLAB+spring_2018'],748f4844d7eb4c1ca7ae5d860abdd065,48168,0
['course-v1:spbu+SOCLAB+spring_2018'],b2f78b1f662e4c24952c207d54bf7b9e,48168,0
['course-v1:spbu+SOCLAB+spring_2018'],cd8a29e227c9475fbc37edaa23cfa9d3,48168,0
['course-v1:spbu+SOCLAB+spring_2018'],37128eb7bb69401ea9be1638c29b2865,48168,0
['course-v1:spbu+SOCLAB+spring_2018'],30ae45b00f1d4e7f88ef92437564a6fd,48168,0
['course-v1:spbu+SOCLAB+spring_2018'],967228d4a2224c9e990c44752e1fd8c9,48168,0
['course-v1:spbu+SOCLAB+spring_2018'],1828bcc929d14d6d875e0acbc4c8274d,48168,0
['course-v1:spbu+SOCLAB+spring_2018'],afc0b0da6f7840099a2b04e41c7095f4,48168,0
['course-v1:spbu+SOCLAB+spring_2018'],8d30e64d32f740cebdbff84b90375be8,48168,0
['course-v1:spbu+SOCLAB+spring_2018'],86c3d90af7b54579870f929880a6f1c3,48168,0
['course-v1:spbu+SOCLAB+spring_2018'],cfd5b0cc8e184b22aee90e03cc383168,48168,0
['course-v1:spbu+SOCLAB+spring_2018'],911e79608f9541edb20dd5887ac1e9a8,48168,0
['course-v1:spbu+SOCLAB+spring_2018'],43c190f90262429c9c3c912e16c79233,48168,0
['course-v1:spbu+SOCLAB+spring_2018'],376d602fdb994d5cb6f8efa7311087ef,48168,0
['course-v1:spbu+SOCLAB+spring_2018'],6f18244edbf64f8ab81c1b5378d953f0,48168,0
['course-v1:spbu+SOCLAB+spring_2018'],60bdfe9eac2340b19aefa80bed3df4d9,48168,0
['course-v1:spbu+SOCLAB+spring_2018'],079aad5593e3427dbb753ec869f121a7,48168,0
['course-v1:spbu+SOCLAB+spring_2018'],6a2492000afc4074b8e4a64c42a08820,48168,0
['course-v1:spbu+SOCLAB+spring_2018'],fdeba2be3e3f45c3bb8fbd1c01f41d2d,48168,0
['course-v1:spbu+SOCLAB+spring_2018'],939b37206e654f35ae914dd632a9223e,48168,0
['course-v1:spbu+SOCLAB+spring_2018'],4a1d9274e3454e30acb5109c58208cb7,48168,0
['course-v1:spbu+SOCLAB+spring_2018'],aa328b4f14cf4af391dd75c92f31db20,48168,0
['course-v1:spbu+SOCLAB+spring_2018'],ad35bbd476b34d0a8ad04254ddafc66e,48168,0
